Copyright 1986-2022 Xilinx, Inc. All Rights Reserved. Copyright 2022-2026 Advanced Micro Devices, Inc. All Rights Reserved.
----------------------------------------------------------------------------------------------------------------------------------------------------------
| Tool Version              : Vivado v.2026.1 (win64) Build 6511674 Tue Jun 16 11:02:23 MDT 2026
| Date                      : Mon Sep 14 17:59:48 2026
| Host                      : BOOK-OPT2TNA3HM running 64-bit major release  (build 9200)
| Command                   : report_io -file encoder8x3_io_placed.rpt
| Design                    : encoder8x3
| Device                    : xc7s75
| Speed File                : -1
| Package                   : fgga484
| Package Version           : PRODUCTION 1.1 01/24/2018
| Package Pin Delay Version : PRODUCTION 1.0 7/14/2017
----------------------------------------------------------------------------------------------------------------------------------------------------------

IO Information

Table of Contents
-----------------
1. Summary
2. IO Assignments by Package Pin

1. Summary
----------

+---------------+
| Total User IO |
+---------------+
|            11 |
+---------------+


2. IO Assignments by Package Pin
--------------------------------

+------------+-------------+------------+------------------------------+-------------+-------------+---------+------------+------+---------------------+----------------------+---------+------------+-----------+----------+------+------------------+--------------+-------------------+--------------+
| Pin Number | Signal Name | Bank Type  | Pin Name                     | Use         | IO Standard | IO Bank | Drive (mA) | Slew | On-Chip Termination | Off-Chip Termination | Voltage | Constraint | Pull Type | DQS Bias | Vref | Signal Integrity | Pre Emphasis | Lvds Pre Emphasis | Equalization |
+------------+-------------+------------+------------------------------+-------------+-------------+---------+------------+------+---------------------+----------------------+---------+------------+-----------+----------+------+------------------+--------------+-------------------+--------------+
| A1         |             |            | GND                          | GND         |             |         |            |      |                     |                      |     0.0 |            |           |          |      |                  |              |                   |              |
| A2         |             | High Range | IO_L15N_T2_DQS_36            | User IO     |             |      36 |            |      |                     |                      |         |            |           |          |      |                  |              |                   |              |
| A3         |             | High Range | IO_L14N_T2_SRCC_36           | User IO     |             |      36 |            |      |                     |                      |         |            |           |          |      |                  |              |                   |              |
| A4         |             | High Range | IO_L14P_T2_SRCC_36           | User IO     |             |      36 |            |      |                     |                      |         |            |           |          |      |                  |              |                   |              |
| A5         |             | High Range | IO_L13N_T2_MRCC_36           | User IO     |             |      36 |            |      |                     |                      |         |            |           |          |      |                  |              |                   |              |
| A6         |             | High Range | IO_L4N_T0_36                 | User IO     |             |      36 |            |      |                     |                      |         |            |           |          |      |                  |              |                   |              |
| A7         |             | High Range | IO_L4P_T0_36                 | User IO     |             |      36 |            |      |                     |                      |         |            |           |          |      |                  |              |                   |              |
| A8         |             |            | GND                          | GND         |             |         |            |      |                     |                      |     0.0 |            |           |          |      |                  |              |                   |              |
| A9         |             | High Range | IO_L1N_T0_36                 | User IO     |             |      36 |            |      |                     |                      |         |            |           |          |      |                  |              |                   |              |
| A10        |             | High Range | IO_L2N_T0_36                 | User IO     |             |      36 |            |      |                     |                      |         |            |           |          |      |                  |              |                   |              |
| A11        |             | High Range | IO_L8P_T1_16                 | User IO     |             |      16 |            |      |                     |                      |         |            |           |          |      |                  |              |                   |              |
| A12        |             | High Range | IO_L8N_T1_16                 | User IO     |             |      16 |            |      |                     |                      |         |            |           |          |      |                  |              |                   |              |
| A13        |             | High Range | IO_L9N_T1_DQS_16             | User IO     |             |      16 |            |      |                     |                      |         |            |           |          |      |                  |              |                   |              |
| A14        |             | High Range | IO_L17N_T2_16                | User IO     |             |      16 |            |      |                     |                      |         |            |           |          |      |                  |              |                   |              |
| A15        |             |            | GND                          | GND         |             |         |            |      |                     |                      |     0.0 |            |           |          |      |                  |              |                   |              |
| A16        |             | High Range | IO_L18P_T2_16                | User IO     |             |      16 |            |      |                     |                      |         |            |           |          |      |                  |              |                   |              |
| A17        |             | High Range | IO_L18N_T2_16                | User IO     |             |      16 |            |      |                     |                      |         |            |           |          |      |                  |              |                   |              |
| A18        |             | High Range | IO_L21P_T3_DQS_16            | User IO     |             |      16 |            |      |                     |                      |         |            |           |          |      |                  |              |                   |              |
| A19        |             | High Range | IO_L21N_T3_DQS_16            | User IO     |             |      16 |            |      |                     |                      |         |            |           |          |      |                  |              |                   |              |
| A20        |             | High Range | IO_L23N_T3_16                | User IO     |             |      16 |            |      |                     |                      |         |            |           |          |      |                  |              |                   |              |
| A21        |             | High Range | IO_0_15                      | User IO     |             |      15 |            |      |                     |                      |         |            |           |          |      |                  |              |                   |              |
| A22        |             |            | GND                          | GND         |             |         |            |      |                     |                      |     0.0 |            |           |          |      |                  |              |                   |              |
| AA1        |             | High Range | IO_L17N_T2_34                | User IO     |             |      34 |            |      |                     |                      |         |            |           |          |      |                  |              |                   |              |
| AA2        |             | High Range | IO_L17P_T2_34                | User IO     |             |      34 |            |      |                     |                      |         |            |           |          |      |                  |              |                   |              |
| AA3        |             | High Range | IO_L15N_T2_DQS_34            | User IO     |             |      34 |            |      |                     |                      |         |            |           |          |      |                  |              |                   |              |
| AA4        |             | High Range | VCCO_34                      | VCCO        |             |      34 |            |      |                     |                      |   any** |            |           |          |      |                  |              |                   |              |
| AA5        |             |            | GND                          | GND         |             |         |            |      |                     |                      |     0.0 |            |           |          |      |                  |              |                   |              |
| AA6        |             | High Range | IO_L13P_T2_MRCC_34           | User IO     |             |      34 |            |      |                     |                      |         |            |           |          |      |                  |              |                   |              |
| AA7        |             | High Range | IO_L23P_T3_34                | User IO     |             |      34 |            |      |                     |                      |         |            |           |          |      |                  |              |                   |              |
| AA8        |             | High Range | IO_L20N_T3_34                | User IO     |             |      34 |            |      |                     |                      |         |            |           |          |      |                  |              |                   |              |
| AA9        |             | High Range | IO_L24P_T3_34                | User IO     |             |      34 |            |      |                     |                      |         |            |           |          |      |                  |              |                   |              |
| AA10       |             | High Range | IO_L22P_T3_34                | User IO     |             |      34 |            |      |                     |                      |         |            |           |          |      |                  |              |                   |              |
| AA11       |             | High Range | IO_L19N_T3_VREF_13           | User IO     |             |      13 |            |      |                     |                      |         |            |           |          |      |                  |              |                   |              |
| AA12       |             |            | GND                          | GND         |             |         |            |      |                     |                      |     0.0 |            |           |          |      |                  |              |                   |              |
| AA13       |             | High Range | IO_L15P_T2_DQS_13            | User IO     |             |      13 |            |      |                     |                      |         |            |           |          |      |                  |              |                   |              |
| AA14       |             | High Range | IO_L12P_T1_MRCC_13           | User IO     |             |      13 |            |      |                     |                      |         |            |           |          |      |                  |              |                   |              |
| AA15       |             | High Range | IO_L9P_T1_DQS_13             | User IO     |             |      13 |            |      |                     |                      |         |            |           |          |      |                  |              |                   |              |
| AA16       |             | High Range | IO_L9N_T1_DQS_13             | User IO     |             |      13 |            |      |                     |                      |         |            |           |          |      |                  |              |                   |              |
| AA17       |             | High Range | IO_L8P_T1_13                 | User IO     |             |      13 |            |      |                     |                      |         |            |           |          |      |                  |              |                   |              |
| AA18       |             | High Range | IO_L7N_T1_13                 | User IO     |             |      13 |            |      |                     |                      |         |            |           |          |      |                  |              |                   |              |
| AA19       |             |            | GND                          | GND         |             |         |            |      |                     |                      |     0.0 |            |           |          |      |                  |              |                   |              |
| AA20       |             | High Range | IO_L19N_T3_D25_VREF_14       | User IO     |             |      14 |            |      |                     |                      |         |            |           |          |      |                  |              |                   |              |
| AA21       |             | High Range | IO_L22P_T3_D21_14            | User IO     |             |      14 |            |      |                     |                      |         |            |           |          |      |                  |              |                   |              |
| AA22       |             | High Range | IO_L20N_T3_D23_14            | User IO     |             |      14 |            |      |                     |                      |         |            |           |          |      |                  |              |                   |              |
| AB1        |             |            | GND                          | GND         |             |         |            |      |                     |                      |     0.0 |            |           |          |      |                  |              |                   |              |
| AB2        |             | High Range | IO_L16N_T2_34                | User IO     |             |      34 |            |      |                     |                      |         |            |           |          |      |                  |              |                   |              |
| AB3        |             | High Range | IO_L16P_T2_34                | User IO     |             |      34 |            |      |                     |                      |         |            |           |          |      |                  |              |                   |              |
| AB4        |             | High Range | IO_L18N_T2_34                | User IO     |             |      34 |            |      |                     |                      |         |            |           |          |      |                  |              |                   |              |
| AB5        |             | High Range | IO_L18P_T2_34                | User IO     |             |      34 |            |      |                     |                      |         |            |           |          |      |                  |              |                   |              |
| AB6        |             | High Range | IO_L13N_T2_MRCC_34           | User IO     |             |      34 |            |      |                     |                      |         |            |           |          |      |                  |              |                   |              |
| AB7        |             | High Range | IO_L23N_T3_34                | User IO     |             |      34 |            |      |                     |                      |         |            |           |          |      |                  |              |                   |              |
| AB8        |             |            | GND                          | GND         |             |         |            |      |                     |                      |     0.0 |            |           |          |      |                  |              |                   |              |
| AB9        |             | High Range | IO_L24N_T3_34                | User IO     |             |      34 |            |      |                     |                      |         |            |           |          |      |                  |              |                   |              |
| AB10       |             | High Range | IO_L22N_T3_34                | User IO     |             |      34 |            |      |                     |                      |         |            |           |          |      |                  |              |                   |              |
| AB11       |             | High Range | IO_L17P_T2_13                | User IO     |             |      13 |            |      |                     |                      |         |            |           |          |      |                  |              |                   |              |
| AB12       |             | High Range | IO_L17N_T2_13                | User IO     |             |      13 |            |      |                     |                      |         |            |           |          |      |                  |              |                   |              |
| AB13       |             | High Range | IO_L15N_T2_DQS_13            | User IO     |             |      13 |            |      |                     |                      |         |            |           |          |      |                  |              |                   |              |
| AB14       |             | High Range | IO_L12N_T1_MRCC_13           | User IO     |             |      13 |            |      |                     |                      |         |            |           |          |      |                  |              |                   |              |
| AB15       |             |            | GND                          | GND         |             |         |            |      |                     |                      |     0.0 |            |           |          |      |                  |              |                   |              |
| AB16       |             | High Range | IO_L10P_T1_13                | User IO     |             |      13 |            |      |                     |                      |         |            |           |          |      |                  |              |                   |              |
| AB17       |             | High Range | IO_L10N_T1_13                | User IO     |             |      13 |            |      |                     |                      |         |            |           |          |      |                  |              |                   |              |
| AB18       |             | High Range | IO_L8N_T1_13                 | User IO     |             |      13 |            |      |                     |                      |         |            |           |          |      |                  |              |                   |              |
| AB19       |             | High Range | IO_L23P_T3_D19_14            | User IO     |             |      14 |            |      |                     |                      |         |            |           |          |      |                  |              |                   |              |
| AB20       |             | High Range | IO_L23N_T3_D18_14            | User IO     |             |      14 |            |      |                     |                      |         |            |           |          |      |                  |              |                   |              |
| AB21       |             | High Range | IO_L22N_T3_D20_14            | User IO     |             |      14 |            |      |                     |                      |         |            |           |          |      |                  |              |                   |              |
| AB22       |             |            | GND                          | GND         |             |         |            |      |                     |                      |     0.0 |            |           |          |      |                  |              |                   |              |
| B1         |             | High Range | IO_L17N_T2_36                | User IO     |             |      36 |            |      |                     |                      |         |            |           |          |      |                  |              |                   |              |
| B2         |             | High Range | IO_L17P_T2_36                | User IO     |             |      36 |            |      |                     |                      |         |            |           |          |      |                  |              |                   |              |
| B3         |             | High Range | IO_L15P_T2_DQS_36            | User IO     |             |      36 |            |      |                     |                      |         |            |           |          |      |                  |              |                   |              |
| B4         |             |            | GND                          | GND         |             |         |            |      |                     |                      |     0.0 |            |           |          |      |                  |              |                   |              |
| B5         |             | High Range | VCCO_36                      | VCCO        |             |      36 |            |      |                     |                      |   any** |            |           |          |      |                  |              |                   |              |
| B6         |             | High Range | IO_L13P_T2_MRCC_36           | User IO     |             |      36 |            |      |                     |                      |         |            |           |          |      |                  |              |                   |              |
| B7         |             | High Range | IO_L5N_T0_36                 | User IO     |             |      36 |            |      |                     |                      |         |            |           |          |      |                  |              |                   |              |
| B8         |             | High Range | IO_L5P_T0_36                 | User IO     |             |      36 |            |      |                     |                      |         |            |           |          |      |                  |              |                   |              |
| B9         |             | High Range | IO_L1P_T0_36                 | User IO     |             |      36 |            |      |                     |                      |         |            |           |          |      |                  |              |                   |              |
| B10        |             | High Range | IO_L2P_T0_36                 | User IO     |             |      36 |            |      |                     |                      |         |            |           |          |      |                  |              |                   |              |
| B11        |             |            | GND                          | GND         |             |         |            |      |                     |                      |     0.0 |            |           |          |      |                  |              |                   |              |
| B12        |             | High Range | VCCO_16                      | VCCO        |             |      16 |            |      |                     |                      |   any** |            |           |          |      |                  |              |                   |              |
| B13        |             | High Range | IO_L9P_T1_DQS_16             | User IO     |             |      16 |            |      |                     |                      |         |            |           |          |      |                  |              |                   |              |
| B14        |             | High Range | IO_L17P_T2_16                | User IO     |             |      16 |            |      |                     |                      |         |            |           |          |      |                  |              |                   |              |
| B15        |             | High Range | IO_L14P_T2_SRCC_16           | User IO     |             |      16 |            |      |                     |                      |         |            |           |          |      |                  |              |                   |              |
| B16        |             | High Range | IO_L14N_T2_SRCC_16           | User IO     |             |      16 |            |      |                     |                      |         |            |           |          |      |                  |              |                   |              |
| B17        |             | High Range | VCCO_16                      | VCCO        |             |      16 |            |      |                     |                      |   any** |            |           |          |      |                  |              |                   |              |
| B18        |             |            | GND                          | GND         |             |         |            |      |                     |                      |     0.0 |            |           |          |      |                  |              |                   |              |
| B19        |             | High Range | IO_L20N_T3_16                | User IO     |             |      16 |            |      |                     |                      |         |            |           |          |      |                  |              |                   |              |
| B20        |             | High Range | IO_L23P_T3_16                | User IO     |             |      16 |            |      |                     |                      |         |            |           |          |      |                  |              |                   |              |
| B21        |             | High Range | IO_L7P_T1_AD2P_15            | User IO     |             |      15 |            |      |                     |                      |         |            |           |          |      |                  |              |                   |              |
| B22        |             | High Range | IO_L7N_T1_AD2N_15            | User IO     |             |      15 |            |      |                     |                      |         |            |           |          |      |                  |              |                   |              |
| C1         |             | High Range | IO_L18N_T2_36                | User IO     |             |      36 |            |      |                     |                      |         |            |           |          |      |                  |              |                   |              |
| C2         |             | High Range | IO_L18P_T2_36                | User IO     |             |      36 |            |      |                     |                      |         |            |           |          |      |                  |              |                   |              |
| C3         |             | High Range | IO_L16N_T2_36                | User IO     |             |      36 |            |      |                     |                      |         |            |           |          |      |                  |              |                   |              |
| C4         |             | High Range | IO_L16P_T2_36                | User IO     |             |      36 |            |      |                     |                      |         |            |           |          |      |                  |              |                   |              |
| C5         |             | High Range | IO_L7N_T1_36                 | User IO     |             |      36 |            |      |                     |                      |         |            |           |          |      |                  |              |                   |              |
| C6         |             | High Range | IO_L7P_T1_36                 | User IO     |             |      36 |            |      |                     |                      |         |            |           |          |      |                  |              |                   |              |
| C7         |             |            | GND                          | GND         |             |         |            |      |                     |                      |     0.0 |            |           |          |      |                  |              |                   |              |
| C8         |             | High Range | IO_L3N_T0_DQS_36             | User IO     |             |      36 |            |      |                     |                      |         |            |           |          |      |                  |              |                   |              |
| C9         |             | High Range | IO_L3P_T0_DQS_36             | User IO     |             |      36 |            |      |                     |                      |         |            |           |          |      |                  |              |                   |              |
| C10        |             | High Range | IO_L10P_T1_16                | User IO     |             |      16 |            |      |                     |                      |         |            |           |          |      |                  |              |                   |              |
| C11        |             | High Range | IO_L10N_T1_16                | User IO     |             |      16 |            |      |                     |                      |         |            |           |          |      |                  |              |                   |              |
| C12        |             | High Range | IO_L12N_T1_MRCC_16           | User IO     |             |      16 |            |      |                     |                      |         |            |           |          |      |                  |              |                   |              |
| C13        |             | High Range | IO_L7N_T1_16                 | User IO     |             |      16 |            |      |                     |                      |         |            |           |          |      |                  |              |                   |              |
| C14        |             |            | GND                          | GND         |             |         |            |      |                     |                      |     0.0 |            |           |          |      |                  |              |                   |              |
| C15        |             | High Range | IO_L13P_T2_MRCC_16           | User IO     |             |      16 |            |      |                     |                      |         |            |           |          |      |                  |              |                   |              |
| C16        |             | High Range | IO_L13N_T2_MRCC_16           | User IO     |             |      16 |            |      |                     |                      |         |            |           |          |      |                  |              |                   |              |
| C17        |             | High Range | IO_L15N_T2_DQS_16            | User IO     |             |      16 |            |      |                     |                      |         |            |           |          |      |                  |              |                   |              |
| C18        |             | High Range | IO_L19N_T3_VREF_16           | User IO     |             |      16 |            |      |                     |                      |         |            |           |          |      |                  |              |                   |              |
| C19        |             | High Range | IO_L20P_T3_16                | User IO     |             |      16 |            |      |                     |                      |         |            |           |          |      |                  |              |                   |              |
| C20        |             | High Range | IO_L8N_T1_AD10N_15           | User IO     |             |      15 |            |      |                     |                      |         |            |           |          |      |                  |              |                   |              |
| C21        |             |            | GND                          | GND         |             |         |            |      |                     |                      |     0.0 |            |           |          |      |                  |              |                   |              |
| C22        |             | High Range | IO_L9N_T1_DQS_AD3N_15        | User IO     |             |      15 |            |      |                     |                      |         |            |           |          |      |                  |              |                   |              |
| D1         |             | High Range | IO_L24N_T3_36                | User IO     |             |      36 |            |      |                     |                      |         |            |           |          |      |                  |              |                   |              |
| D2         |             | High Range | IO_L23N_T3_36                | User IO     |             |      36 |            |      |                     |                      |         |            |           |          |      |                  |              |                   |              |
| D3         |             |            | GND                          | GND         |             |         |            |      |                     |                      |     0.0 |            |           |          |      |                  |              |                   |              |
| D4         |             | High Range | IO_L20N_T3_36                | User IO     |             |      36 |            |      |                     |                      |         |            |           |          |      |                  |              |                   |              |
| D5         |             | High Range | IO_L8N_T1_36                 | User IO     |             |      36 |            |      |                     |                      |         |            |           |          |      |                  |              |                   |              |
| D6         |             | High Range | IO_L8P_T1_36                 | User IO     |             |      36 |            |      |                     |                      |         |            |           |          |      |                  |              |                   |              |
| D7         |             | High Range | IO_L6N_T0_VREF_36            | User IO     |             |      36 |            |      |                     |                      |         |            |           |          |      |                  |              |                   |              |
| D8         |             | High Range | IO_L6P_T0_36                 | User IO     |             |      36 |            |      |                     |                      |         |            |           |          |      |                  |              |                   |              |
| D9         |             | Dedicated  | CCLK_0                       | Config      |             |       0 |            |      |                     |                      |         |            |           |          |      |                  |              |                   |              |
| D10        |             |            | GND                          | GND         |             |         |            |      |                     |                      |     0.0 |            |           |          |      |                  |              |                   |              |
| D11        |             | High Range | IO_L3N_T0_DQS_16             | User IO     |             |      16 |            |      |                     |                      |         |            |           |          |      |                  |              |                   |              |
| D12        |             | High Range | IO_L12P_T1_MRCC_16           | User IO     |             |      16 |            |      |                     |                      |         |            |           |          |      |                  |              |                   |              |
| D13        |             | High Range | IO_L7P_T1_16                 | User IO     |             |      16 |            |      |                     |                      |         |            |           |          |      |                  |              |                   |              |
| D14        |             | High Range | IO_L11P_T1_SRCC_16           | User IO     |             |      16 |            |      |                     |                      |         |            |           |          |      |                  |              |                   |              |
| D15        |             | High Range | IO_L11N_T1_SRCC_16           | User IO     |             |      16 |            |      |                     |                      |         |            |           |          |      |                  |              |                   |              |
| D16        |             | High Range | IO_L15P_T2_DQS_16            | User IO     |             |      16 |            |      |                     |                      |         |            |           |          |      |                  |              |                   |              |
| D17        |             |            | GND                          | GND         |             |         |            |      |                     |                      |     0.0 |            |           |          |      |                  |              |                   |              |
| D18        |             | High Range | IO_L19P_T3_16                | User IO     |             |      16 |            |      |                     |                      |         |            |           |          |      |                  |              |                   |              |
| D19        |             | High Range | IO_L24N_T3_16                | User IO     |             |      16 |            |      |                     |                      |         |            |           |          |      |                  |              |                   |              |
| D20        |             | High Range | IO_L8P_T1_AD10P_15           | User IO     |             |      15 |            |      |                     |                      |         |            |           |          |      |                  |              |                   |              |
| D21        |             | High Range | IO_L9P_T1_DQS_AD3P_15        | User IO     |             |      15 |            |      |                     |                      |         |            |           |          |      |                  |              |                   |              |
| D22        |             | High Range | IO_L10N_T1_AD11N_15          | User IO     |             |      15 |            |      |                     |                      |         |            |           |          |      |                  |              |                   |              |
| E1         |             | High Range | IO_L21N_T3_DQS_36            | User IO     |             |      36 |            |      |                     |                      |         |            |           |          |      |                  |              |                   |              |
| E2         |             | High Range | IO_L24P_T3_36                | User IO     |             |      36 |            |      |                     |                      |         |            |           |          |      |                  |              |                   |              |
| E3         |             | High Range | IO_L23P_T3_36                | User IO     |             |      36 |            |      |                     |                      |         |            |           |          |      |                  |              |                   |              |
| E4         |             | High Range | IO_L20P_T3_36                | User IO     |             |      36 |            |      |                     |                      |         |            |           |          |      |                  |              |                   |              |
| E5         |             | High Range | IO_L10N_T1_36                | User IO     |             |      36 |            |      |                     |                      |         |            |           |          |      |                  |              |                   |              |
| E6         |             |            | GND                          | GND         |             |         |            |      |                     |                      |     0.0 |            |           |          |      |                  |              |                   |              |
| E7         |             | High Range | VCCO_36                      | VCCO        |             |      36 |            |      |                     |                      |   any** |            |           |          |      |                  |              |                   |              |
| E8         |             | High Range | IO_0_36                      | User IO     |             |      36 |            |      |                     |                      |         |            |           |          |      |                  |              |                   |              |
| E9         |             | Dedicated  | VCCBATT_0                    | Config      |             |       0 |            |      |                     |                      |         |            |           |          |      |                  |              |                   |              |
| E10        |             | Dedicated  | VCCO_0                       | VCCO        |             |       0 |            |      |                     |                      |   any** |            |           |          |      |                  |              |                   |              |
| E11        |             | High Range | IO_L3P_T0_DQS_16             | User IO     |             |      16 |            |      |                     |                      |         |            |           |          |      |                  |              |                   |              |
| E12        |             | High Range | IO_L5N_T0_16                 | User IO     |             |      16 |            |      |                     |                      |         |            |           |          |      |                  |              |                   |              |
| E13        |             |            | GND                          | GND         |             |         |            |      |                     |                      |     0.0 |            |           |          |      |                  |              |                   |              |
| E14        |             | High Range | VCCO_16                      | VCCO        |             |      16 |            |      |                     |                      |   any** |            |           |          |      |                  |              |                   |              |
| E15        |             | High Range | IO_L16P_T2_16                | User IO     |             |      16 |            |      |                     |                      |         |            |           |          |      |                  |              |                   |              |
| E16        |             | High Range | IO_L16N_T2_16                | User IO     |             |      16 |            |      |                     |                      |         |            |           |          |      |                  |              |                   |              |
| E17        |             | High Range | IO_L22P_T3_16                | User IO     |             |      16 |            |      |                     |                      |         |            |           |          |      |                  |              |                   |              |
| E18        |             | High Range | IO_L22N_T3_16                | User IO     |             |      16 |            |      |                     |                      |         |            |           |          |      |                  |              |                   |              |
| E19        |             | High Range | IO_L24P_T3_16                | User IO     |             |      16 |            |      |                     |                      |         |            |           |          |      |                  |              |                   |              |
| E20        |             |            | GND                          | GND         |             |         |            |      |                     |                      |     0.0 |            |           |          |      |                  |              |                   |              |
| E21        |             | High Range | VCCO_15                      | VCCO        |             |      15 |            |      |                     |                      |   any** |            |           |          |      |                  |              |                   |              |
| E22        |             | High Range | IO_L10P_T1_AD11P_15          | User IO     |             |      15 |            |      |                     |                      |         |            |           |          |      |                  |              |                   |              |
| F1         |             | High Range | IO_L21P_T3_DQS_36            | User IO     |             |      36 |            |      |                     |                      |         |            |           |          |      |                  |              |                   |              |
| F2         |             |            | GND                          | GND         |             |         |            |      |                     |                      |     0.0 |            |           |          |      |                  |              |                   |              |
| F3         |             | High Range | VCCO_36                      | VCCO        |             |      36 |            |      |                     |                      |   any** |            |           |          |      |                  |              |                   |              |
| F4         |             | High Range | IO_25_36                     | User IO     |             |      36 |            |      |                     |                      |         |            |           |          |      |                  |              |                   |              |
| F5         |             | High Range | IO_L10P_T1_36                | User IO     |             |      36 |            |      |                     |                      |         |            |           |          |      |                  |              |                   |              |
| F6         |             | High Range | IO_L12N_T1_MRCC_36           | User IO     |             |      36 |            |      |                     |                      |         |            |           |          |      |                  |              |                   |              |
| F7         |             | High Range | IO_L12P_T1_MRCC_36           | User IO     |             |      36 |            |      |                     |                      |         |            |           |          |      |                  |              |                   |              |
| F8         |             | High Range | IO_L9N_T1_DQS_36             | User IO     |             |      36 |            |      |                     |                      |         |            |           |          |      |                  |              |                   |              |
| F9         |             |            | GND                          | GND         |             |         |            |      |                     |                      |     0.0 |            |           |          |      |                  |              |                   |              |
| F10        |             | High Range | IO_L2N_T0_16                 | User IO     |             |      16 |            |      |                     |                      |         |            |           |          |      |                  |              |                   |              |
| F11        |             | High Range | IO_L1N_T0_16                 | User IO     |             |      16 |            |      |                     |                      |         |            |           |          |      |                  |              |                   |              |
| F12        |             | High Range | IO_L5P_T0_16                 | User IO     |             |      16 |            |      |                     |                      |         |            |           |          |      |                  |              |                   |              |
| F13        |             | High Range | IO_L4P_T0_16                 | User IO     |             |      16 |            |      |                     |                      |         |            |           |          |      |                  |              |                   |              |
| F14        |             | High Range | IO_L4N_T0_16                 | User IO     |             |      16 |            |      |                     |                      |         |            |           |          |      |                  |              |                   |              |
| F15        |             | High Range | IO_L6N_T0_VREF_16            | User IO     |             |      16 |            |      |                     |                      |         |            |           |          |      |                  |              |                   |              |
| F16        |             |            | GND                          | GND         |             |         |            |      |                     |                      |     0.0 |            |           |          |      |                  |              |                   |              |
| F17        |             | High Range | IO_L1P_T0_AD0P_15            | User IO     |             |      15 |            |      |                     |                      |         |            |           |          |      |                  |              |                   |              |
| F18        |             | High Range | IO_L1N_T0_AD0N_15            | User IO     |             |      15 |            |      |                     |                      |         |            |           |          |      |                  |              |                   |              |
| F19        |             | High Range | IO_L12P_T1_MRCC_15           | User IO     |             |      15 |            |      |                     |                      |         |            |           |          |      |                  |              |                   |              |
| F20        |             | High Range | IO_L12N_T1_MRCC_15           | User IO     |             |      15 |            |      |                     |                      |         |            |           |          |      |                  |              |                   |              |
| F21        |             | High Range | IO_L11P_T1_SRCC_15           | User IO     |             |      15 |            |      |                     |                      |         |            |           |          |      |                  |              |                   |              |
| F22        |             | High Range | IO_L11N_T1_SRCC_15           | User IO     |             |      15 |            |      |                     |                      |         |            |           |          |      |                  |              |                   |              |
| G1         |             | High Range | IO_L22N_T3_36                | User IO     |             |      36 |            |      |                     |                      |         |            |           |          |      |                  |              |                   |              |
| G2         |             | High Range | IO_L22P_T3_36                | User IO     |             |      36 |            |      |                     |                      |         |            |           |          |      |                  |              |                   |              |
| G3         |             | High Range | IO_L19N_T3_VREF_36           | User IO     |             |      36 |            |      |                     |                      |         |            |           |          |      |                  |              |                   |              |
| G4         |             | High Range | IO_L19P_T3_36                | User IO     |             |      36 |            |      |                     |                      |         |            |           |          |      |                  |              |                   |              |
| G5         |             |            | GND                          | GND         |             |         |            |      |                     |                      |     0.0 |            |           |          |      |                  |              |                   |              |
| G6         |             | High Range | IO_L11N_T1_SRCC_36           | User IO     |             |      36 |            |      |                     |                      |         |            |           |          |      |                  |              |                   |              |
| G7         |             | High Range | IO_L11P_T1_SRCC_36           | User IO     |             |      36 |            |      |                     |                      |         |            |           |          |      |                  |              |                   |              |
| G8         |             | High Range | IO_L9P_T1_DQS_36             | User IO     |             |      36 |            |      |                     |                      |         |            |           |          |      |                  |              |                   |              |
| G9         |             | Dedicated  | TCK_0                        | Config      |             |       0 |            |      |                     |                      |         |            |           |          |      |                  |              |                   |              |
| G10        |             | High Range | IO_L2P_T0_16                 | User IO     |             |      16 |            |      |                     |                      |         |            |           |          |      |                  |              |                   |              |
| G11        |             | High Range | IO_L1P_T0_16                 | User IO     |             |      16 |            |      |                     |                      |         |            |           |          |      |                  |              |                   |              |
| G12        |             |            | GND                          | GND         |             |         |            |      |                     |                      |     0.0 |            |           |          |      |                  |              |                   |              |
| G13        |             | High Range | IO_0_16                      | User IO     |             |      16 |            |      |                     |                      |         |            |           |          |      |                  |              |                   |              |
| G14        |             | High Range | IO_L6P_T0_16                 | User IO     |             |      16 |            |      |                     |                      |         |            |           |          |      |                  |              |                   |              |
| G15        |             | High Range | IO_25_16                     | User IO     |             |      16 |            |      |                     |                      |         |            |           |          |      |                  |              |                   |              |
| G16        |             | High Range | IO_L4N_T0_15                 | User IO     |             |      15 |            |      |                     |                      |         |            |           |          |      |                  |              |                   |              |
| G17        |             | High Range | IO_L2N_T0_AD8N_15            | User IO     |             |      15 |            |      |                     |                      |         |            |           |          |      |                  |              |                   |              |
| G18        |             | High Range | VCCO_15                      | VCCO        |             |      15 |            |      |                     |                      |   any** |            |           |          |      |                  |              |                   |              |
| G19        |             |            | GND                          | GND         |             |         |            |      |                     |                      |     0.0 |            |           |          |      |                  |              |                   |              |
| G20        |             | High Range | IO_L19N_T3_VREF_15           | User IO     |             |      15 |            |      |                     |                      |         |            |           |          |      |                  |              |                   |              |
| G21        |             | High Range | IO_L20P_T3_15                | User IO     |             |      15 |            |      |                     |                      |         |            |           |          |      |                  |              |                   |              |
| G22        |             | High Range | IO_L20N_T3_15                | User IO     |             |      15 |            |      |                     |                      |         |            |           |          |      |                  |              |                   |              |
| H1         |             |            | GND                          | GND         |             |         |            |      |                     |                      |     0.0 |            |           |          |      |                  |              |                   |              |
| H2         |             | High Range | IO_L1N_T0_AD4N_35            | User IO     |             |      35 |            |      |                     |                      |         |            |           |          |      |                  |              |                   |              |
| H3         |             | High Range | IO_L2N_T0_AD12N_35           | User IO     |             |      35 |            |      |                     |                      |         |            |           |          |      |                  |              |                   |              |
| H4         |             | High Range | IO_L2P_T0_AD12P_35           | User IO     |             |      35 |            |      |                     |                      |         |            |           |          |      |                  |              |                   |              |
| H5         |             | High Range | IO_L5N_T0_AD13N_35           | User IO     |             |      35 |            |      |                     |                      |         |            |           |          |      |                  |              |                   |              |
| H6         |             | High Range | IO_L5P_T0_AD13P_35           | User IO     |             |      35 |            |      |                     |                      |         |            |           |          |      |                  |              |                   |              |
| H7         |             | High Range | IO_0_35                      | User IO     |             |      35 |            |      |                     |                      |         |            |           |          |      |                  |              |                   |              |
| H8         |             |            | GND                          | GND         |             |         |            |      |                     |                      |     0.0 |            |           |          |      |                  |              |                   |              |
| H9         |             |            | VCCBRAM                      | VCCBRAM     |             |         |            |      |                     |                      |         |            |           |          |      |                  |              |                   |              |
| H10        |             |            | GND                          | GND         |             |         |            |      |                     |                      |     0.0 |            |           |          |      |                  |              |                   |              |
| H11        |             |            | VCCINT                       | VCCINT      |             |         |            |      |                     |                      |         |            |           |          |      |                  |              |                   |              |
| H12        |             |            | GND                          | GND         |             |         |            |      |                     |                      |     0.0 |            |           |          |      |                  |              |                   |              |
| H13        |             |            | VCCINT                       | VCCINT      |             |         |            |      |                     |                      |         |            |           |          |      |                  |              |                   |              |
| H14        |             |            | GND                          | GND         |             |         |            |      |                     |                      |     0.0 |            |           |          |      |                  |              |                   |              |
| H15        |             |            | GND                          | GND         |             |         |            |      |                     |                      |     0.0 |            |           |          |      |                  |              |                   |              |
| H16        |             | High Range | IO_L4P_T0_15                 | User IO     |             |      15 |            |      |                     |                      |         |            |           |          |      |                  |              |                   |              |
| H17        |             | High Range | IO_L2P_T0_AD8P_15            | User IO     |             |      15 |            |      |                     |                      |         |            |           |          |      |                  |              |                   |              |
| H18        |             | High Range | IO_L3N_T0_DQS_AD1N_15        | User IO     |             |      15 |            |      |                     |                      |         |            |           |          |      |                  |              |                   |              |
| H19        |             | High Range | IO_L19P_T3_15                | User IO     |             |      15 |            |      |                     |                      |         |            |           |          |      |                  |              |                   |              |
| H20        |             | High Range | IO_L21P_T3_DQS_15            | User IO     |             |      15 |            |      |                     |                      |         |            |           |          |      |                  |              |                   |              |
| H21        |             | High Range | IO_L21N_T3_DQS_15            | User IO     |             |      15 |            |      |                     |                      |         |            |           |          |      |                  |              |                   |              |
| H22        |             |            | GND                          | GND         |             |         |            |      |                     |                      |     0.0 |            |           |          |      |                  |              |                   |              |
| J1         |             | High Range | IO_L3N_T0_DQS_AD5N_35        | User IO     |             |      35 |            |      |                     |                      |         |            |           |          |      |                  |              |                   |              |
| J2         | i[0]        | High Range | IO_L3P_T0_DQS_AD5P_35        | INPUT       | LVCMOS33    |      35 |            |      |                     |                 NONE |         | FIXED      |           |          |      | NONE             |              |                   |              |
| J3         |             | High Range | IO_L1P_T0_AD4P_35            | User IO     |             |      35 |            |      |                     |                      |         |            |           |          |      |                  |              |                   |              |
| J4         |             |            | GND                          | GND         |             |         |            |      |                     |                      |     0.0 |            |           |          |      |                  |              |                   |              |
| J5         |             | High Range | VCCO_35                      | VCCO        |             |      35 |            |      |                     |                      |    3.30 |            |           |          |      |                  |              |                   |              |
| J6         |             | High Range | IO_L6N_T0_VREF_35            | User IO     |             |      35 |            |      |                     |                      |         |            |           |          |      |                  |              |                   |              |
| J7         |             | High Range | IO_L7N_T1_AD6N_35            | User IO     |             |      35 |            |      |                     |                      |         |            |           |          |      |                  |              |                   |              |
| J8         |             | High Range | IO_L7P_T1_AD6P_35            | User IO     |             |      35 |            |      |                     |                      |         |            |           |          |      |                  |              |                   |              |
| J9         |             |            | GND                          | GND         |             |         |            |      |                     |                      |     0.0 |            |           |          |      |                  |              |                   |              |
| J10        |             |            | VCCINT                       | VCCINT      |             |         |            |      |                     |                      |         |            |           |          |      |                  |              |                   |              |
| J11        |             |            | GND                          | GND         |             |         |            |      |                     |                      |     0.0 |            |           |          |      |                  |              |                   |              |
| J12        |             |            | VCCINT                       | VCCINT      |             |         |            |      |                     |                      |         |            |           |          |      |                  |              |                   |              |
| J13        |             |            | GND                          | GND         |             |         |            |      |                     |                      |     0.0 |            |           |          |      |                  |              |                   |              |
| J14        |             |            | VCCAUX                       | VCCAUX      |             |         |            |      |                     |                      |    1.80 |            |           |          |      |                  |              |                   |              |
| J15        |             | High Range | IO_L6N_T0_VREF_15            | User IO     |             |      15 |            |      |                     |                      |         |            |           |          |      |                  |              |                   |              |
| J16        |             | High Range | IO_L5N_T0_AD9N_15            | User IO     |             |      15 |            |      |                     |                      |         |            |           |          |      |                  |              |                   |              |
| J17        |             | High Range | IO_L3P_T0_DQS_AD1P_15        | User IO     |             |      15 |            |      |                     |                      |         |            |           |          |      |                  |              |                   |              |
| J18        |             |            | GND                          | GND         |             |         |            |      |                     |                      |     0.0 |            |           |          |      |                  |              |                   |              |
| J19        |             | High Range | IO_L17P_T2_15                | User IO     |             |      15 |            |      |                     |                      |         |            |           |          |      |                  |              |                   |              |
| J20        |             | High Range | IO_L17N_T2_15                | User IO     |             |      15 |            |      |                     |                      |         |            |           |          |      |                  |              |                   |              |
| J21        |             | High Range | IO_L23P_T3_15                | User IO     |             |      15 |            |      |                     |                      |         |            |           |          |      |                  |              |                   |              |
| J22        |             | High Range | IO_L23N_T3_15                | User IO     |             |      15 |            |      |                     |                      |         |            |           |          |      |                  |              |                   |              |
| K1         |             | High Range | IO_L14N_T2_SRCC_35           | User IO     |             |      35 |            |      |                     |                      |         |            |           |          |      |                  |              |                   |              |
| K2         |             | High Range | IO_L4N_T0_35                 | User IO     |             |      35 |            |      |                     |                      |         |            |           |          |      |                  |              |                   |              |
| K3         |             | High Range | IO_L4P_T0_35                 | User IO     |             |      35 |            |      |                     |                      |         |            |           |          |      |                  |              |                   |              |
| K4         | i[7]        | High Range | IO_L10N_T1_AD15N_35          | INPUT       | LVCMOS33    |      35 |            |      |                     |                 NONE |         | FIXED      |           |          |      | NONE             |              |                   |              |
| K5         |             | High Range | IO_L9N_T1_DQS_AD7N_35        | User IO     |             |      35 |            |      |                     |                      |         |            |           |          |      |                  |              |                   |              |
| K6         |             | High Range | IO_L6P_T0_35                 | User IO     |             |      35 |            |      |                     |                      |         |            |           |          |      |                  |              |                   |              |
| K7         |             |            | GND                          | GND         |             |         |            |      |                     |                      |     0.0 |            |           |          |      |                  |              |                   |              |
| K8         |             | High Range | IO_L11N_T1_SRCC_35           | User IO     |             |      35 |            |      |                     |                      |         |            |           |          |      |                  |              |                   |              |
| K9         |             |            | VCCBRAM                      | VCCBRAM     |             |         |            |      |                     |                      |         |            |           |          |      |                  |              |                   |              |
| K10        |             |            | GND                          | GND         |             |         |            |      |                     |                      |     0.0 |            |           |          |      |                  |              |                   |              |
| K11        |             | Dedicated  | VCCADC_0                     | XADC        |             |       0 |            |      |                     |                      |         |            |           |          |      |                  |              |                   |              |
| K12        |             | Dedicated  | GNDADC_0                     | XADC        |             |       0 |            |      |                     |                      |         |            |           |          |      |                  |              |                   |              |
| K13        |             |            | VCCINT                       | VCCINT      |             |         |            |      |                     |                      |         |            |           |          |      |                  |              |                   |              |
| K14        |             |            | GND                          | GND         |             |         |            |      |                     |                      |     0.0 |            |           |          |      |                  |              |                   |              |
| K15        |             | High Range | IO_L6P_T0_15                 | User IO     |             |      15 |            |      |                     |                      |         |            |           |          |      |                  |              |                   |              |
| K16        |             | High Range | IO_L5P_T0_AD9P_15            | User IO     |             |      15 |            |      |                     |                      |         |            |           |          |      |                  |              |                   |              |
| K17        |             | High Range | IO_L15N_T2_DQS_15            | User IO     |             |      15 |            |      |                     |                      |         |            |           |          |      |                  |              |                   |              |
| K18        |             | High Range | IO_L16P_T2_15                | User IO     |             |      15 |            |      |                     |                      |         |            |           |          |      |                  |              |                   |              |
| K19        |             | High Range | IO_L16N_T2_15                | User IO     |             |      15 |            |      |                     |                      |         |            |           |          |      |                  |              |                   |              |
| K20        |             | High Range | VCCO_15                      | VCCO        |             |      15 |            |      |                     |                      |   any** |            |           |          |      |                  |              |                   |              |
| K21        |             |            | GND                          | GND         |             |         |            |      |                     |                      |     0.0 |            |           |          |      |                  |              |                   |              |
| K22        |             | High Range | IO_L22N_T3_15                | User IO     |             |      15 |            |      |                     |                      |         |            |           |          |      |                  |              |                   |              |
| L1         |             | High Range | IO_L14P_T2_SRCC_35           | User IO     |             |      35 |            |      |                     |                      |         |            |           |          |      |                  |              |                   |              |
| L2         |             | High Range | VCCO_35                      | VCCO        |             |      35 |            |      |                     |                      |    3.30 |            |           |          |      |                  |              |                   |              |
| L3         |             |            | GND                          | GND         |             |         |            |      |                     |                      |     0.0 |            |           |          |      |                  |              |                   |              |
| L4         | a[2]        | High Range | IO_L10P_T1_AD15P_35          | OUTPUT      | LVCMOS33    |      35 |         12 | SLOW |                     |            FP_VTT_50 |         | FIXED      |           |          |      | NONE             |              |                   |              |
| L5         | i[1]        | High Range | IO_L9P_T1_DQS_AD7P_35        | INPUT       | LVCMOS33    |      35 |            |      |                     |                 NONE |         | FIXED      |           |          |      | NONE             |              |                   |              |
| L6         |             | High Range | IO_L8N_T1_AD14N_35           | User IO     |             |      35 |            |      |                     |                      |         |            |           |          |      |                  |              |                   |              |
| L7         |             | High Range | IO_L8P_T1_AD14P_35           | User IO     |             |      35 |            |      |                     |                      |         |            |           |          |      |                  |              |                   |              |
| L8         |             | High Range | IO_L11P_T1_SRCC_35           | User IO     |             |      35 |            |      |                     |                      |         |            |           |          |      |                  |              |                   |              |
| L9         |             |            | GND                          | GND         |             |         |            |      |                     |                      |     0.0 |            |           |          |      |                  |              |                   |              |
| L10        |             |            | VCCINT                       | VCCINT      |             |         |            |      |                     |                      |         |            |           |          |      |                  |              |                   |              |
| L11        |             | Dedicated  | VREFN_0                      | XADC        |             |       0 |            |      |                     |                      |         |            |           |          |      |                  |              |                   |              |
| L12        |             | Dedicated  | VP_0                         | XADC        |             |       0 |            |      |                     |                      |         |            |           |          |      |                  |              |                   |              |
| L13        |             |            | GND                          | GND         |             |         |            |      |                     |                      |     0.0 |            |           |          |      |                  |              |                   |              |
| L14        |             |            | VCCAUX                       | VCCAUX      |             |         |            |      |                     |                      |    1.80 |            |           |          |      |                  |              |                   |              |
| L15        |             | High Range | IO_L13N_T2_MRCC_15           | User IO     |             |      15 |            |      |                     |                      |         |            |           |          |      |                  |              |                   |              |
| L16        |             | High Range | IO_L15P_T2_DQS_15            | User IO     |             |      15 |            |      |                     |                      |         |            |           |          |      |                  |              |                   |              |
| L17        |             |            | GND                          | GND         |             |         |            |      |                     |                      |     0.0 |            |           |          |      |                  |              |                   |              |
| L18        |             | High Range | IO_L18P_T2_15                | User IO     |             |      15 |            |      |                     |                      |         |            |           |          |      |                  |              |                   |              |
| L19        |             | High Range | IO_L18N_T2_15                | User IO     |             |      15 |            |      |                     |                      |         |            |           |          |      |                  |              |                   |              |
| L20        |             | High Range | IO_L24P_T3_RS1_15            | User IO     |             |      15 |            |      |                     |                      |         |            |           |          |      |                  |              |                   |              |
| L21        |             | High Range | IO_L24N_T3_RS0_15            | User IO     |             |      15 |            |      |                     |                      |         |            |           |          |      |                  |              |                   |              |
| L22        |             | High Range | IO_L22P_T3_15                | User IO     |             |      15 |            |      |                     |                      |         |            |           |          |      |                  |              |                   |              |
| M1         |             | High Range | IO_L15N_T2_DQS_35            | User IO     |             |      35 |            |      |                     |                      |         |            |           |          |      |                  |              |                   |              |
| M2         | a[0]        | High Range | IO_L15P_T2_DQS_35            | OUTPUT      | LVCMOS33    |      35 |         12 | SLOW |                     |            FP_VTT_50 |         | FIXED      |           |          |      | NONE             |              |                   |              |
| M3         |             | High Range | IO_L13N_T2_MRCC_35           | User IO     |             |      35 |            |      |                     |                      |         |            |           |          |      |                  |              |                   |              |
| M4         | a[1]        | High Range | IO_L13P_T2_MRCC_35           | OUTPUT      | LVCMOS33    |      35 |         12 | SLOW |                     |            FP_VTT_50 |         | FIXED      |           |          |      | NONE             |              |                   |              |
| M5         |             | High Range | IO_L20N_T3_35                | User IO     |             |      35 |            |      |                     |                      |         |            |           |          |      |                  |              |                   |              |
| M6         |             |            | GND                          | GND         |             |         |            |      |                     |                      |     0.0 |            |           |          |      |                  |              |                   |              |
| M7         |             | High Range | IO_L12N_T1_MRCC_35           | User IO     |             |      35 |            |      |                     |                      |         |            |           |          |      |                  |              |                   |              |
| M8         |             | High Range | IO_L12P_T1_MRCC_35           | User IO     |             |      35 |            |      |                     |                      |         |            |           |          |      |                  |              |                   |              |
| M9         |             |            | VCCBRAM                      | VCCBRAM     |             |         |            |      |                     |                      |         |            |           |          |      |                  |              |                   |              |
| M10        |             |            | GND                          | GND         |             |         |            |      |                     |                      |     0.0 |            |           |          |      |                  |              |                   |              |
| M11        |             | Dedicated  | VN_0                         | XADC        |             |       0 |            |      |                     |                      |         |            |           |          |      |                  |              |                   |              |
| M12        |             | Dedicated  | VREFP_0                      | XADC        |             |       0 |            |      |                     |                      |         |            |           |          |      |                  |              |                   |              |
| M13        |             |            | VCCINT                       | VCCINT      |             |         |            |      |                     |                      |         |            |           |          |      |                  |              |                   |              |
| M14        |             |            | GND                          | GND         |             |         |            |      |                     |                      |     0.0 |            |           |          |      |                  |              |                   |              |
| M15        |             | High Range | IO_L13P_T2_MRCC_15           | User IO     |             |      15 |            |      |                     |                      |         |            |           |          |      |                  |              |                   |              |
| M16        |             | High Range | IO_25_15                     | User IO     |             |      15 |            |      |                     |                      |         |            |           |          |      |                  |              |                   |              |
| M17        |             | High Range | IO_L14P_T2_SRCC_15           | User IO     |             |      15 |            |      |                     |                      |         |            |           |          |      |                  |              |                   |              |
| M18        |             | High Range | IO_L14N_T2_SRCC_15           | User IO     |             |      15 |            |      |                     |                      |         |            |           |          |      |                  |              |                   |              |
| M19        |             | High Range | IO_L3P_T0_DQS_PUDC_B_14      | User IO     |             |      14 |            |      |                     |                      |         |            |           |          |      |                  |              |                   |              |
| M20        |             |            | GND                          | GND         |             |         |            |      |                     |                      |     0.0 |            |           |          |      |                  |              |                   |              |
| M21        |             | High Range | IO_L1P_T0_D00_MOSI_14        | User IO     |             |      14 |            |      |                     |                      |         |            |           |          |      |                  |              |                   |              |
| M22        |             | High Range | IO_L1N_T0_D01_DIN_14         | User IO     |             |      14 |            |      |                     |                      |         |            |           |          |      |                  |              |                   |              |
| N1         | i[4]        | High Range | IO_L17N_T2_35                | INPUT       | LVCMOS33    |      35 |            |      |                     |                 NONE |         | FIXED      |           |          |      | NONE             |              |                   |              |
| N2         |             |            | GND                          | GND         |             |         |            |      |                     |                      |     0.0 |            |           |          |      |                  |              |                   |              |
| N3         |             | High Range | IO_L16N_T2_35                | User IO     |             |      35 |            |      |                     |                      |         |            |           |          |      |                  |              |                   |              |
| N4         | i[5]        | High Range | IO_L16P_T2_35                | INPUT       | LVCMOS33    |      35 |            |      |                     |                 NONE |         | FIXED      |           |          |      | NONE             |              |                   |              |
| N5         |             | High Range | IO_L20P_T3_35                | User IO     |             |      35 |            |      |                     |                      |         |            |           |          |      |                  |              |                   |              |
| N6         | i[2]        | High Range | IO_L21N_T3_DQS_35            | INPUT       | LVCMOS33    |      35 |            |      |                     |                 NONE |         | FIXED      |           |          |      | NONE             |              |                   |              |
| N7         |             | High Range | IO_L22N_T3_35                | User IO     |             |      35 |            |      |                     |                      |         |            |           |          |      |                  |              |                   |              |
| N8         | i[6]        | High Range | IO_L19N_T3_VREF_35           | INPUT       | LVCMOS33    |      35 |            |      |                     |                 NONE |         | FIXED      |           |          |      | NONE             |              |                   |              |
| N9         |             |            | GND                          | GND         |             |         |            |      |                     |                      |     0.0 |            |           |          |      |                  |              |                   |              |
| N10        |             |            | VCCINT                       | VCCINT      |             |         |            |      |                     |                      |         |            |           |          |      |                  |              |                   |              |
| N11        |             | Dedicated  | DXN_0                        | Temp Sensor |             |       0 |            |      |                     |                      |         |            |           |          |      |                  |              |                   |              |
| N12        |             | Dedicated  | DXP_0                        | Temp Sensor |             |       0 |            |      |                     |                      |         |            |           |          |      |                  |              |                   |              |
| N13        |             |            | GND                          | GND         |             |         |            |      |                     |                      |     0.0 |            |           |          |      |                  |              |                   |              |
| N14        |             |            | VCCAUX                       | VCCAUX      |             |         |            |      |                     |                      |    1.80 |            |           |          |      |                  |              |                   |              |
| N15        |             | High Range | IO_0_14                      | User IO     |             |      14 |            |      |                     |                      |         |            |           |          |      |                  |              |                   |              |
| N16        |             |            | GND                          | GND         |             |         |            |      |                     |                      |     0.0 |            |           |          |      |                  |              |                   |              |
| N17        |             | High Range | IO_L6P_T0_FCS_B_14           | User IO     |             |      14 |            |      |                     |                      |         |            |           |          |      |                  |              |                   |              |
| N18        |             | High Range | IO_L6N_T0_D08_VREF_14        | User IO     |             |      14 |            |      |                     |                      |         |            |           |          |      |                  |              |                   |              |
| N19        |             | High Range | IO_L3N_T0_DQS_EMCCLK_14      | User IO     |             |      14 |            |      |                     |                      |         |            |           |          |      |                  |              |                   |              |
| N20        |             | High Range | IO_L5P_T0_D06_14             | User IO     |             |      14 |            |      |                     |                      |         |            |           |          |      |                  |              |                   |              |
| N21        |             | High Range | IO_L2P_T0_D02_14             | User IO     |             |      14 |            |      |                     |                      |         |            |           |          |      |                  |              |                   |              |
| N22        |             | High Range | IO_L2N_T0_D03_14             | User IO     |             |      14 |            |      |                     |                      |         |            |           |          |      |                  |              |                   |              |
| P1         |             | High Range | IO_L17P_T2_35                | User IO     |             |      35 |            |      |                     |                      |         |            |           |          |      |                  |              |                   |              |
| P2         |             | High Range | IO_L18N_T2_35                | User IO     |             |      35 |            |      |                     |                      |         |            |           |          |      |                  |              |                   |              |
| P3         |             | High Range | IO_L18P_T2_35                | User IO     |             |      35 |            |      |                     |                      |         |            |           |          |      |                  |              |                   |              |
| P4         |             | High Range | VCCO_35                      | VCCO        |             |      35 |            |      |                     |                      |    3.30 |            |           |          |      |                  |              |                   |              |
| P5         |             |            | GND                          | GND         |             |         |            |      |                     |                      |     0.0 |            |           |          |      |                  |              |                   |              |
| P6         | i[3]        | High Range | IO_L21P_T3_DQS_35            | INPUT       | LVCMOS33    |      35 |            |      |                     |                 NONE |         | FIXED      |           |          |      | NONE             |              |                   |              |
| P7         |             | High Range | IO_L22P_T3_35                | User IO     |             |      35 |            |      |                     |                      |         |            |           |          |      |                  |              |                   |              |
| P8         |             | High Range | IO_L19P_T3_35                | User IO     |             |      35 |            |      |                     |                      |         |            |           |          |      |                  |              |                   |              |
| P9         |             |            | VCCBRAM                      | VCCBRAM     |             |         |            |      |                     |                      |         |            |           |          |      |                  |              |                   |              |
| P10        |             |            | GND                          | GND         |             |         |            |      |                     |                      |     0.0 |            |           |          |      |                  |              |                   |              |
| P11        |             |            | VCCINT                       | VCCINT      |             |         |            |      |                     |                      |         |            |           |          |      |                  |              |                   |              |
| P12        |             |            | GND                          | GND         |             |         |            |      |                     |                      |     0.0 |            |           |          |      |                  |              |                   |              |
| P13        |             |            | VCCINT                       | VCCINT      |             |         |            |      |                     |                      |         |            |           |          |      |                  |              |                   |              |
| P14        |             |            | GND                          | GND         |             |         |            |      |                     |                      |     0.0 |            |           |          |      |                  |              |                   |              |
| P15        |             | High Range | IO_L13P_T2_MRCC_14           | User IO     |             |      14 |            |      |                     |                      |         |            |           |          |      |                  |              |                   |              |
| P16        |             | High Range | IO_L13N_T2_MRCC_14           | User IO     |             |      14 |            |      |                     |                      |         |            |           |          |      |                  |              |                   |              |
| P17        |             | High Range | IO_L14P_T2_SRCC_14           | User IO     |             |      14 |            |      |                     |                      |         |            |           |          |      |                  |              |                   |              |
| P18        |             | High Range | VCCO_14                      | VCCO        |             |      14 |            |      |                     |                      |   any** |            |           |          |      |                  |              |                   |              |
| P19        |             |            | GND                          | GND         |             |         |            |      |                     |                      |     0.0 |            |           |          |      |                  |              |                   |              |
| P20        |             | High Range | IO_L5N_T0_D07_14             | User IO     |             |      14 |            |      |                     |                      |         |            |           |          |      |                  |              |                   |              |
| P21        |             | High Range | IO_L4P_T0_D04_14             | User IO     |             |      14 |            |      |                     |                      |         |            |           |          |      |                  |              |                   |              |
| P22        |             | High Range | IO_L4N_T0_D05_14             | User IO     |             |      14 |            |      |                     |                      |         |            |           |          |      |                  |              |                   |              |
| R1         |             |            | GND                          | GND         |             |         |            |      |                     |                      |     0.0 |            |           |          |      |                  |              |                   |              |
| R2         |             | High Range | IO_0_34                      | User IO     |             |      34 |            |      |                     |                      |         |            |           |          |      |                  |              |                   |              |
| R3         |             | High Range | IO_25_35                     | User IO     |             |      35 |            |      |                     |                      |         |            |           |          |      |                  |              |                   |              |
| R4         |             | High Range | IO_L24N_T3_35                | User IO     |             |      35 |            |      |                     |                      |         |            |           |          |      |                  |              |                   |              |
| R5         |             | High Range | IO_L24P_T3_35                | User IO     |             |      35 |            |      |                     |                      |         |            |           |          |      |                  |              |                   |              |
| R6         |             | High Range | IO_L23N_T3_35                | User IO     |             |      35 |            |      |                     |                      |         |            |           |          |      |                  |              |                   |              |
| R7         |             | High Range | IO_L23P_T3_35                | User IO     |             |      35 |            |      |                     |                      |         |            |           |          |      |                  |              |                   |              |
| R8         |             |            | GND                          | GND         |             |         |            |      |                     |                      |     0.0 |            |           |          |      |                  |              |                   |              |
| R9         |             |            | GND                          | GND         |             |         |            |      |                     |                      |     0.0 |            |           |          |      |                  |              |                   |              |
| R10        |             |            | VCCINT                       | VCCINT      |             |         |            |      |                     |                      |         |            |           |          |      |                  |              |                   |              |
| R11        |             |            | GND                          | GND         |             |         |            |      |                     |                      |     0.0 |            |           |          |      |                  |              |                   |              |
| R12        |             |            | VCCINT                       | VCCINT      |             |         |            |      |                     |                      |         |            |           |          |      |                  |              |                   |              |
| R13        |             |            | GND                          | GND         |             |         |            |      |                     |                      |     0.0 |            |           |          |      |                  |              |                   |              |
| R14        |             |            | VCCAUX                       | VCCAUX      |             |         |            |      |                     |                      |    1.80 |            |           |          |      |                  |              |                   |              |
| R15        |             |            | GND                          | GND         |             |         |            |      |                     |                      |     0.0 |            |           |          |      |                  |              |                   |              |
| R16        |             | High Range | IO_L16P_T2_CSI_B_14          | User IO     |             |      14 |            |      |                     |                      |         |            |           |          |      |                  |              |                   |              |
| R17        |             | High Range | IO_L16N_T2_D31_14            | User IO     |             |      14 |            |      |                     |                      |         |            |           |          |      |                  |              |                   |              |
| R18        |             | High Range | IO_L14N_T2_SRCC_14           | User IO     |             |      14 |            |      |                     |                      |         |            |           |          |      |                  |              |                   |              |
| R19        |             | High Range | IO_L17P_T2_D30_14            | User IO     |             |      14 |            |      |                     |                      |         |            |           |          |      |                  |              |                   |              |
| R20        |             | High Range | IO_L17N_T2_D29_14            | User IO     |             |      14 |            |      |                     |                      |         |            |           |          |      |                  |              |                   |              |
| R21        |             | High Range | VCCO_14                      | VCCO        |             |      14 |            |      |                     |                      |   any** |            |           |          |      |                  |              |                   |              |
| R22        |             |            | GND                          | GND         |             |         |            |      |                     |                      |     0.0 |            |           |          |      |                  |              |                   |              |
| T1         |             | High Range | IO_25_34                     | User IO     |             |      34 |            |      |                     |                      |         |            |           |          |      |                  |              |                   |              |
| T2         |             | High Range | IO_L12N_T1_MRCC_34           | User IO     |             |      34 |            |      |                     |                      |         |            |           |          |      |                  |              |                   |              |
| T3         |             | High Range | IO_L12P_T1_MRCC_34           | User IO     |             |      34 |            |      |                     |                      |         |            |           |          |      |                  |              |                   |              |
| T4         |             |            | GND                          | GND         |             |         |            |      |                     |                      |     0.0 |            |           |          |      |                  |              |                   |              |
| T5         |             | High Range | IO_L4P_T0_34                 | User IO     |             |      34 |            |      |                     |                      |         |            |           |          |      |                  |              |                   |              |
| T6         |             | High Range | IO_L2N_T0_34                 | User IO     |             |      34 |            |      |                     |                      |         |            |           |          |      |                  |              |                   |              |
| T7         |             | High Range | IO_L2P_T0_34                 | User IO     |             |      34 |            |      |                     |                      |         |            |           |          |      |                  |              |                   |              |
| T8         |             | High Range | IO_L6P_T0_34                 | User IO     |             |      34 |            |      |                     |                      |         |            |           |          |      |                  |              |                   |              |
| T9         |             | Dedicated  | INIT_B_0                     | Config      |             |       0 |            |      |                     |                      |         |            |           |          |      |                  |              |                   |              |
| T10        |             | Dedicated  | M1_0                         | Config      |             |       0 |            |      |                     |                      |         |            |           |          |      |                  |              |                   |              |
| T11        |             | Dedicated  | M0_0                         | Config      |             |       0 |            |      |                     |                      |         |            |           |          |      |                  |              |                   |              |
| T12        |             | High Range | IO_L2P_T0_13                 | User IO     |             |      13 |            |      |                     |                      |         |            |           |          |      |                  |              |                   |              |
| T13        |             | High Range | IO_L2N_T0_13                 | User IO     |             |      13 |            |      |                     |                      |         |            |           |          |      |                  |              |                   |              |
| T14        |             | High Range | IO_L1P_T0_13                 | User IO     |             |      13 |            |      |                     |                      |         |            |           |          |      |                  |              |                   |              |
| T15        |             | High Range | IO_0_13                      | User IO     |             |      13 |            |      |                     |                      |         |            |           |          |      |                  |              |                   |              |
| T16        |             | High Range | IO_25_14                     | User IO     |             |      14 |            |      |                     |                      |         |            |           |          |      |                  |              |                   |              |
| T17        |             | High Range | IO_L15P_T2_DQS_RDWR_B_14     | User IO     |             |      14 |            |      |                     |                      |         |            |           |          |      |                  |              |                   |              |
| T18        |             |            | GND                          | GND         |             |         |            |      |                     |                      |     0.0 |            |           |          |      |                  |              |                   |              |
| T19        |             | High Range | IO_L18P_T2_D28_14            | User IO     |             |      14 |            |      |                     |                      |         |            |           |          |      |                  |              |                   |              |
| T20        |             | High Range | IO_L18N_T2_D27_14            | User IO     |             |      14 |            |      |                     |                      |         |            |           |          |      |                  |              |                   |              |
| T21        |             | High Range | IO_L7P_T1_D09_14             | User IO     |             |      14 |            |      |                     |                      |         |            |           |          |      |                  |              |                   |              |
| T22        |             | High Range | IO_L7N_T1_D10_14             | User IO     |             |      14 |            |      |                     |                      |         |            |           |          |      |                  |              |                   |              |
| U1         |             | High Range | IO_L9N_T1_DQS_34             | User IO     |             |      34 |            |      |                     |                      |         |            |           |          |      |                  |              |                   |              |
| U2         |             | High Range | IO_L9P_T1_DQS_34             | User IO     |             |      34 |            |      |                     |                      |         |            |           |          |      |                  |              |                   |              |
| U3         |             | High Range | IO_L11N_T1_SRCC_34           | User IO     |             |      34 |            |      |                     |                      |         |            |           |          |      |                  |              |                   |              |
| U4         |             | High Range | IO_L11P_T1_SRCC_34           | User IO     |             |      34 |            |      |                     |                      |         |            |           |          |      |                  |              |                   |              |
| U5         |             | High Range | IO_L4N_T0_34                 | User IO     |             |      34 |            |      |                     |                      |         |            |           |          |      |                  |              |                   |              |
| U6         |             | High Range | VCCO_34                      | VCCO        |             |      34 |            |      |                     |                      |   any** |            |           |          |      |                  |              |                   |              |
| U7         |             |            | GND                          | GND         |             |         |            |      |                     |                      |     0.0 |            |           |          |      |                  |              |                   |              |
| U8         |             | High Range | IO_L6N_T0_VREF_34            | User IO     |             |      34 |            |      |                     |                      |         |            |           |          |      |                  |              |                   |              |
| U9         |             | Dedicated  | DONE_0                       | Config      |             |       0 |            |      |                     |                      |         |            |           |          |      |                  |              |                   |              |
| U10        |             | Dedicated  | M2_0                         | Config      |             |       0 |            |      |                     |                      |         |            |           |          |      |                  |              |                   |              |
| U11        |             | Dedicated  | PROGRAM_B_0                  | Config      |             |       0 |            |      |                     |                      |         |            |           |          |      |                  |              |                   |              |
| U12        |             | High Range | IO_L4P_T0_13                 | User IO     |             |      13 |            |      |                     |                      |         |            |           |          |      |                  |              |                   |              |
| U13        |             | High Range | VCCO_13                      | VCCO        |             |      13 |            |      |                     |                      |   any** |            |           |          |      |                  |              |                   |              |
| U14        |             |            | GND                          | GND         |             |         |            |      |                     |                      |     0.0 |            |           |          |      |                  |              |                   |              |
| U15        |             | High Range | IO_L1N_T0_13                 | User IO     |             |      13 |            |      |                     |                      |         |            |           |          |      |                  |              |                   |              |
| U16        |             | High Range | IO_L6P_T0_13                 | User IO     |             |      13 |            |      |                     |                      |         |            |           |          |      |                  |              |                   |              |
| U17        |             | High Range | IO_L15N_T2_DQS_DOUT_CSO_B_14 | User IO     |             |      14 |            |      |                     |                      |         |            |           |          |      |                  |              |                   |              |
| U18        |             | High Range | IO_L12P_T1_MRCC_14           | User IO     |             |      14 |            |      |                     |                      |         |            |           |          |      |                  |              |                   |              |
| U19        |             | High Range | IO_L12N_T1_MRCC_14           | User IO     |             |      14 |            |      |                     |                      |         |            |           |          |      |                  |              |                   |              |
| U20        |             | High Range | IO_L11P_T1_SRCC_14           | User IO     |             |      14 |            |      |                     |                      |         |            |           |          |      |                  |              |                   |              |
| U21        |             |            | GND                          | GND         |             |         |            |      |                     |                      |     0.0 |            |           |          |      |                  |              |                   |              |
| U22        |             | High Range | IO_L9P_T1_DQS_14             | User IO     |             |      14 |            |      |                     |                      |         |            |           |          |      |                  |              |                   |              |
| V1         |             | High Range | IO_L7P_T1_34                 | User IO     |             |      34 |            |      |                     |                      |         |            |           |          |      |                  |              |                   |              |
| V2         |             | High Range | VCCO_34                      | VCCO        |             |      34 |            |      |                     |                      |   any** |            |           |          |      |                  |              |                   |              |
| V3         |             |            | GND                          | GND         |             |         |            |      |                     |                      |     0.0 |            |           |          |      |                  |              |                   |              |
| V4         |             | High Range | IO_L3N_T0_DQS_34             | User IO     |             |      34 |            |      |                     |                      |         |            |           |          |      |                  |              |                   |              |
| V5         |             | High Range | IO_L3P_T0_DQS_34             | User IO     |             |      34 |            |      |                     |                      |         |            |           |          |      |                  |              |                   |              |
| V6         |             | High Range | IO_L5N_T0_34                 | User IO     |             |      34 |            |      |                     |                      |         |            |           |          |      |                  |              |                   |              |
| V7         |             | High Range | IO_L5P_T0_34                 | User IO     |             |      34 |            |      |                     |                      |         |            |           |          |      |                  |              |                   |              |
| V8         |             | High Range | IO_L19P_T3_34                | User IO     |             |      34 |            |      |                     |                      |         |            |           |          |      |                  |              |                   |              |
| V9         |             | Dedicated  | VCCO_0                       | VCCO        |             |       0 |            |      |                     |                      |   any** |            |           |          |      |                  |              |                   |              |
| V10        |             |            | GND                          | GND         |             |         |            |      |                     |                      |     0.0 |            |           |          |      |                  |              |                   |              |
| V11        |             | Dedicated  | CFGBVS_0                     | Config      |             |       0 |            |      |                     |                      |         |            |           |          |      |                  |              |                   |              |
| V12        |             | High Range | IO_L13P_T2_MRCC_13           | User IO     |             |      13 |            |      |                     |                      |         |            |           |          |      |                  |              |                   |              |
| V13        |             | High Range | IO_L4N_T0_13                 | User IO     |             |      13 |            |      |                     |                      |         |            |           |          |      |                  |              |                   |              |
| V14        |             | High Range | IO_L3P_T0_DQS_13             | User IO     |             |      13 |            |      |                     |                      |         |            |           |          |      |                  |              |                   |              |
| V15        |             | High Range | IO_L3N_T0_DQS_13             | User IO     |             |      13 |            |      |                     |                      |         |            |           |          |      |                  |              |                   |              |
| V16        |             | High Range | IO_L6N_T0_VREF_13            | User IO     |             |      13 |            |      |                     |                      |         |            |           |          |      |                  |              |                   |              |
| V17        |             |            | GND                          | GND         |             |         |            |      |                     |                      |     0.0 |            |           |          |      |                  |              |                   |              |
| V18        |             | High Range | IO_L24P_T3_D17_14            | User IO     |             |      14 |            |      |                     |                      |         |            |           |          |      |                  |              |                   |              |
| V19        |             | High Range | IO_L24N_T3_D16_14            | User IO     |             |      14 |            |      |                     |                      |         |            |           |          |      |                  |              |                   |              |
| V20        |             | High Range | IO_L11N_T1_SRCC_14           | User IO     |             |      14 |            |      |                     |                      |         |            |           |          |      |                  |              |                   |              |
| V21        |             | High Range | IO_L8P_T1_D11_14             | User IO     |             |      14 |            |      |                     |                      |         |            |           |          |      |                  |              |                   |              |
| V22        |             | High Range | IO_L9N_T1_DQS_D13_14         | User IO     |             |      14 |            |      |                     |                      |         |            |           |          |      |                  |              |                   |              |
| W1         |             | High Range | IO_L7N_T1_34                 | User IO     |             |      34 |            |      |                     |                      |         |            |           |          |      |                  |              |                   |              |
| W2         |             | High Range | IO_L8P_T1_34                 | User IO     |             |      34 |            |      |                     |                      |         |            |           |          |      |                  |              |                   |              |
| W3         |             | High Range | IO_L10P_T1_34                | User IO     |             |      34 |            |      |                     |                      |         |            |           |          |      |                  |              |                   |              |
| W4         |             | High Range | IO_L1N_T0_34                 | User IO     |             |      34 |            |      |                     |                      |         |            |           |          |      |                  |              |                   |              |
| W5         |             | High Range | IO_L1P_T0_34                 | User IO     |             |      34 |            |      |                     |                      |         |            |           |          |      |                  |              |                   |              |
| W6         |             |            | GND                          | GND         |             |         |            |      |                     |                      |     0.0 |            |           |          |      |                  |              |                   |              |
| W7         |             | High Range | IO_L21P_T3_DQS_34            | User IO     |             |      34 |            |      |                     |                      |         |            |           |          |      |                  |              |                   |              |
| W8         |             | High Range | IO_L19N_T3_VREF_34           | User IO     |             |      34 |            |      |                     |                      |         |            |           |          |      |                  |              |                   |              |
| W9         |             | Dedicated  | TDI_0                        | Config      |             |       0 |            |      |                     |                      |         |            |           |          |      |                  |              |                   |              |
| W10        |             | Dedicated  | TDO_0                        | Config      |             |       0 |            |      |                     |                      |         |            |           |          |      |                  |              |                   |              |
| W11        |             | High Range | IO_L16P_T2_13                | User IO     |             |      13 |            |      |                     |                      |         |            |           |          |      |                  |              |                   |              |
| W12        |             | High Range | IO_L13N_T2_MRCC_13           | User IO     |             |      13 |            |      |                     |                      |         |            |           |          |      |                  |              |                   |              |
| W13        |             |            | GND                          | GND         |             |         |            |      |                     |                      |     0.0 |            |           |          |      |                  |              |                   |              |
| W14        |             | High Range | IO_L14P_T2_SRCC_13           | User IO     |             |      13 |            |      |                     |                      |         |            |           |          |      |                  |              |                   |              |
| W15        |             | High Range | IO_L5P_T0_13                 | User IO     |             |      13 |            |      |                     |                      |         |            |           |          |      |                  |              |                   |              |
| W16        |             | High Range | IO_L5N_T0_13                 | User IO     |             |      13 |            |      |                     |                      |         |            |           |          |      |                  |              |                   |              |
| W17        |             | High Range | IO_L11P_T1_SRCC_13           | User IO     |             |      13 |            |      |                     |                      |         |            |           |          |      |                  |              |                   |              |
| W18        |             | High Range | IO_L21P_T3_DQS_14            | User IO     |             |      14 |            |      |                     |                      |         |            |           |          |      |                  |              |                   |              |
| W19        |             | High Range | VCCO_14                      | VCCO        |             |      14 |            |      |                     |                      |   any** |            |           |          |      |                  |              |                   |              |
| W20        |             |            | GND                          | GND         |             |         |            |      |                     |                      |     0.0 |            |           |          |      |                  |              |                   |              |
| W21        |             | High Range | IO_L10P_T1_D14_14            | User IO     |             |      14 |            |      |                     |                      |         |            |           |          |      |                  |              |                   |              |
| W22        |             | High Range | IO_L8N_T1_D12_14             | User IO     |             |      14 |            |      |                     |                      |         |            |           |          |      |                  |              |                   |              |
| Y1         |             | High Range | IO_L8N_T1_34                 | User IO     |             |      34 |            |      |                     |                      |         |            |           |          |      |                  |              |                   |              |
| Y2         |             |            | GND                          | GND         |             |         |            |      |                     |                      |     0.0 |            |           |          |      |                  |              |                   |              |
| Y3         |             | High Range | IO_L10N_T1_34                | User IO     |             |      34 |            |      |                     |                      |         |            |           |          |      |                  |              |                   |              |
| Y4         |             | High Range | IO_L15P_T2_DQS_34            | User IO     |             |      34 |            |      |                     |                      |         |            |           |          |      |                  |              |                   |              |
| Y5         |             | High Range | IO_L14N_T2_SRCC_34           | User IO     |             |      34 |            |      |                     |                      |         |            |           |          |      |                  |              |                   |              |
| Y6         |             | High Range | IO_L14P_T2_SRCC_34           | User IO     |             |      34 |            |      |                     |                      |         |            |           |          |      |                  |              |                   |              |
| Y7         |             | High Range | IO_L21N_T3_DQS_34            | User IO     |             |      34 |            |      |                     |                      |         |            |           |          |      |                  |              |                   |              |
| Y8         |             | High Range | IO_L20P_T3_34                | User IO     |             |      34 |            |      |                     |                      |         |            |           |          |      |                  |              |                   |              |
| Y9         |             |            | GND                          | GND         |             |         |            |      |                     |                      |     0.0 |            |           |          |      |                  |              |                   |              |
| Y10        |             | Dedicated  | TMS_0                        | Config      |             |       0 |            |      |                     |                      |         |            |           |          |      |                  |              |                   |              |
| Y11        |             | High Range | IO_L16N_T2_13                | User IO     |             |      13 |            |      |                     |                      |         |            |           |          |      |                  |              |                   |              |
| Y12        |             | High Range | IO_L18P_T2_13                | User IO     |             |      13 |            |      |                     |                      |         |            |           |          |      |                  |              |                   |              |
| Y13        |             | High Range | IO_L18N_T2_13                | User IO     |             |      13 |            |      |                     |                      |         |            |           |          |      |                  |              |                   |              |
| Y14        |             | High Range | IO_L14N_T2_SRCC_13           | User IO     |             |      13 |            |      |                     |                      |         |            |           |          |      |                  |              |                   |              |
| Y15        |             | High Range | VCCO_13                      | VCCO        |             |      13 |            |      |                     |                      |   any** |            |           |          |      |                  |              |                   |              |
| Y16        |             |            | GND                          | GND         |             |         |            |      |                     |                      |     0.0 |            |           |          |      |                  |              |                   |              |
| Y17        |             | High Range | IO_L11N_T1_SRCC_13           | User IO     |             |      13 |            |      |                     |                      |         |            |           |          |      |                  |              |                   |              |
| Y18        |             | High Range | IO_L7P_T1_13                 | User IO     |             |      13 |            |      |                     |                      |         |            |           |          |      |                  |              |                   |              |
| Y19        |             | High Range | IO_L21N_T3_DQS_D22_14        | User IO     |             |      14 |            |      |                     |                      |         |            |           |          |      |                  |              |                   |              |
| Y20        |             | High Range | IO_L19P_T3_D26_14            | User IO     |             |      14 |            |      |                     |                      |         |            |           |          |      |                  |              |                   |              |
| Y21        |             | High Range | IO_L10N_T1_D15_14            | User IO     |             |      14 |            |      |                     |                      |         |            |           |          |      |                  |              |                   |              |
| Y22        |             | High Range | IO_L20P_T3_D24_14            | User IO     |             |      14 |            |      |                     |                      |         |            |           |          |      |                  |              |                   |              |
+------------+-------------+------------+------------------------------+-------------+-------------+---------+------------+------+---------------------+----------------------+---------+------------+-----------+----------+------+------------------+--------------+-------------------+--------------+
* Default value
** Special VCCO requirements may apply. Please consult the device family datasheet for specific guideline on VCCO requirements.


